{
  "Glucose": [0.0, 1.0],
  "Cholesterol": [0.0, 1.0],
  "Hemoglobin": [0.0, 1.0],
  "Platelets": [0.0, 1.0],
  "White Blood Cells": [-0.00020615, 1.0],
  "Red Blood Cells": [0.0, 1.0],
  "Hematocrit": [0.0, 1.000856814],
  "Mean Corpuscular Volume": [0.0, 1.0],
  "Mean Corpuscular Hemoglobin": [-0.000614331, 1.0],
  "Mean Corpuscular Hemoglobin Concentration": [0.0, 1.0],
  "Insulin": [-0.000779055, 1.0],
  "BMI": [0.0, 1.0],
  "Systolic Blood Pressure": [-0.000197123, 1.000107347],
  "Diastolic Blood Pressure": [-0.00035986, 1.0],
  "Triglycerides": [0.0, 1.0],
  "HbA1c": [-0.000990875, 1.0],
  "LDL Cholesterol": [0.0, 1.0],
  "HDL Cholesterol": [-0.000546137, 1.000743542],
  "ALT": [-0.000311872, 1.000325922],
  "AST": [0.0, 1.000402418],
  "Heart Rate": [0.0, 1.0],
  "Creatinine": [0.0, 1.0],
  "Troponin": [0.0, 1.000125171],
  "C-reactive Protein": [-0.00099109, 1.0]
}
